n,asset,isin,role,category,note,tickers_tried,yahoo_ticker,status,source,latest_date,latest_close,all_time_high_date,all_time_high,drawdown_from_high_pct,all_time_close_high_date,all_time_close_high,drawdown_from_close_high_pct,week_52_high_date,week_52_high,drawdown_from_52w_high_pct,rows_used,error,generated_at_utc
1,FTSE All-World / MSCI ACWI,da verificare,leader,Globale core,Mercato globale,VWCE.DE,VWCE.DE,ok,yfinance.download,2026-10-02,171.699997,2026-10-02,171.800003,-0.0582,2026-10-02,171.699997,0.0,2026-10-02,171.800003,-0.0582,1825,,2026-10-02T14:00:07+00:00
2,S&P 500,da verificare,leader,USA core,Large cap USA,VUAA.DE,VUAA.DE,ok,yfinance.download,2026-10-02,133.130005,2026-10-02,133.169998,-0.03,2026-10-02,133.130005,0.0,2026-10-02,133.169998,-0.03,444,,2026-10-02T14:00:07+00:00
3,Nasdaq 100,da verificare,leader,USA growth,Growth/tech,SXRV.DE,SXRV.DE,ok,yfinance.download,2026-10-02,1578.599976,2026-10-02,1580.0,-0.0886,2026-10-02,1578.599976,0.0,2026-10-02,1580.0,-0.0886,4109,,2026-10-02T14:00:07+00:00
4,Russell 2000,da verificare,leader,USA small cap,Small cap USA,IUS3.DE,IUS3.DE,ok,yfinance.download,2026-10-02,99.790001,2026-07-01,106.68,-6.4586,2026-07-01,106.540001,-6.3356,2026-07-01,106.68,-6.4586,4673,,2026-10-02T14:00:08+00:00
5,MSCI World Value,da verificare,leader,World factor,Value globale,IWVL.L,IWVL.L,ok,yfinance.download,2026-10-02,81.290001,2026-09-07,83.858582,-3.063,2026-09-07,83.720001,-2.9025,2026-09-07,83.858582,-3.063,3030,,2026-10-02T14:00:08+00:00
6,MSCI World Quality,da verificare,leader,World factor,Quality globale,IWQU.L,IWQU.L,ok,yfinance.download,2026-10-02,89.989998,2026-08-13,91.309998,-1.4456,2026-08-14,90.940002,-1.0446,2026-08-13,91.309998,-1.4456,3030,,2026-10-02T14:00:08+00:00
7,MSCI World Minimum Volatility,da verificare,leader,World factor,Difensivo globale,MVOL.L,MVOL.L,ok,yfinance.download,2026-10-02,75.629997,2026-09-03,78.889999,-4.1323,2026-09-03,78.889999,-4.1323,2026-09-03,78.889999,-4.1323,3495,,2026-10-02T14:00:08+00:00
8,STOXX Europe 600,da verificare,leader,Europa core,Europa ampia,EXSA.DE,EXSA.DE,ok,yfinance.download,2026-10-02,62.630001,2026-08-07,66.230003,-5.4356,2026-08-11,65.949997,-5.0341,2026-08-07,66.230003,-5.4356,4761,,2026-10-02T14:00:09+00:00
9,STOXX Europe 600 Value,da verificare,leader,Europa value,Value europeo,EXV1.DE,EXV1.DE,ok,yfinance.download,2026-10-02,40.134998,2026-08-13,43.435001,-7.5976,2026-09-07,43.18,-7.0519,2026-08-13,43.435001,-7.5976,4761,,2026-10-02T14:00:09+00:00
10,FTSE 100,da verificare,leader,UK,UK large cap,ISF.L,ISF.L,ok,yfinance.download,2026-10-02,1020.400024,2026-02-25,1148.400024,-11.1459,2026-02-27,1067.599976,-4.4211,2026-02-25,1148.400024,-11.1459,4483,,2026-10-02T14:00:10+00:00
11,FTSE 250,da verificare,leader,UK,UK mid cap,MIDD.L,MIDD.L,ok,yfinance.download,2026-10-02,2238.0,2026-08-28,2324.5,-3.7212,2026-08-28,2320.0,-3.5345,2026-08-28,2324.5,-3.7212,4483,,2026-10-02T14:00:10+00:00
12,DAX,da verificare,leader,Europa paese,Germania,EXS1.DE,EXS1.DE,ok,yfinance.download,2026-10-02,208.100006,2026-08-28,219.449997,-5.172,2026-08-28,218.949997,-4.9555,2026-08-28,219.449997,-5.172,4761,,2026-10-02T14:00:10+00:00
13,FTSE MIB,da verificare,leader,Europa paese,Italia,CSMIB.MI,CSMIB.MI,ok,yfinance.download,2026-10-02,249.649994,2026-08-06,269.149994,-7.245,2026-08-07,267.799988,-6.7774,2026-08-06,269.149994,-7.245,4134,,2026-10-02T14:00:11+00:00
14,SMI,da verificare,leader,Europa difensivo,Svizzera,CSSMI.SW,CSSMI.SW,ok,yfinance.download,2026-10-02,142.160004,2026-08-11,152.039993,-6.4983,2026-08-10,151.600006,-6.2269,2026-08-11,152.039993,-6.4983,4713,,2026-10-02T14:00:11+00:00
15,TOPIX / MSCI Japan,da verificare,leader,Giappone,Giappone ampio,XTPX.DE,,failed,,,,,,,,,,,,,0,"{""XTPX.DE/rows_from_yfinance"": ""empty yfinance result"", ""XTPX.DE/rows_from_yahoo_chart"": ""query1.finance.yahoo.com HTTP 404: {\""chart\"":{\""result\"":null,\""error\"":{\""code\"":\""Not Found\"",\""description\"":\""No data found, symbol may be delisted\""}}}; query2.finance.yahoo.com HTTP 404: {\""chart\"":{\""result\"":null,\""error\"":{\""code\"":\""Not Found\"",\""description\"":\""No data found, symbol may be delisted\""}}}""}",2026-10-02T14:00:18+00:00
16,MSCI Emerging Markets,da verificare,leader,Emergenti,EM globale,EIMI.L,EIMI.L,ok,yfinance.download,2026-10-02,55.349998,2026-02-19,60.549999,-8.5879,2026-06-22,58.0,-4.569,2026-02-19,60.549999,-8.5879,3120,,2026-10-02T14:00:19+00:00
17,Emerging Markets ex China,da verificare,leader,Emergenti,EM senza Cina,EMXC.L,EMXC.L,ok,yfinance.download,2026-10-02,48.345001,2026-06-22,51.610001,-6.3263,2026-06-22,51.240002,-5.6499,2026-06-22,51.610001,-6.3263,1841,,2026-10-02T14:00:19+00:00
18,MSCI India,da verificare,leader,Emergenti paese,India,NDIA.L,NDIA.L,ok,yfinance.download,2026-10-02,8.254,2024-09-27,10.742,-23.1614,2024-09-27,10.72,-23.0037,2026-01-05,10.48,-21.2405,2110,,2026-10-02T14:00:19+00:00
19,MSCI China,da verificare,leader,Emergenti paese,Cina,ICHN.L,,failed,,,,,,,,,,,,,0,"{""ICHN.L/rows_from_yfinance"": ""empty yfinance result"", ""ICHN.L/rows_from_yahoo_chart"": ""query1.finance.yahoo.com HTTP 404: {\""chart\"":{\""result\"":null,\""error\"":{\""code\"":\""Not Found\"",\""description\"":\""No data found, symbol may be delisted\""}}}; query2.finance.yahoo.com HTTP 404: {\""chart\"":{\""result\"":null,\""error\"":{\""code\"":\""Not Found\"",\""description\"":\""No data found, symbol may be delisted\""}}}""}",2026-10-02T14:00:26+00:00
20,MSCI Taiwan,da verificare,leader,Asia tech,Semiconduttori Asia,ITWN.L,ITWN.L,ok,yfinance.download,2026-10-02,16199.0,2026-06-22,16338.0,-0.8508,2026-10-02,16199.0,0.0,2026-06-22,16338.0,-0.8508,4482,,2026-10-02T14:00:26+00:00
21,MSCI Korea,da verificare,leader,Asia tech,Corea,IKOR.L,IKOR.L,ok,yfinance.download,2026-10-02,10433.5,2026-06-18,11932.0,-12.5587,2026-06-18,11883.0,-12.1981,2026-06-18,11932.0,-12.5587,4478,,2026-10-02T14:00:27+00:00
22,World Health Care,da verificare,leader,Settore difensivo,Healthcare globale,WHEA.L,WHEA.L,ok,yfinance.download,2026-10-02,69.949997,2026-08-26,75.050003,-6.7955,2026-08-25,74.629997,-6.2709,2026-08-26,75.050003,-6.7955,4367,,2026-10-02T14:00:27+00:00
23,World Energy,da verificare,leader,Settore ciclico,Energia,WENS.L,WENS.L,ok,yfinance.download,2026-10-02,7.528,2026-03-30,7.78,-3.2391,2026-09-15,7.743,-2.7767,2026-03-30,7.78,-3.2391,1074,,2026-10-02T14:00:27+00:00
24,Rio Tinto / Materials,da verificare,leader,Materials,Mining/materiali,RIO.PA,RIO.PA,ok,yfinance.download,2026-10-02,26.775,2011-01-12,31.33754,-14.5593,2011-01-12,31.33754,-14.5593,2026-04-17,28.559,-6.2467,4692,,2026-10-02T14:00:28+00:00
25,Oro,da verificare,leader,Real asset,Gold ETC,SGLN.L,SGLN.L,ok,yfinance.download,2026-10-02,6136.0,2026-03-02,7810.0,-21.4341,2026-03-02,7690.0,-20.2081,2026-03-02,7810.0,-21.4341,3910,,2026-10-02T14:00:28+00:00
26,Bitcoin,da verificare,leader,Crypto,Proxy Bitcoin,BTC-EUR,BTC-EUR,ok,yfinance.download,2026-10-02,76770.71875,2025-10-06,107745.132812,-28.7479,2025-10-06,106538.164062,-27.9406,2025-10-06,107745.132812,-28.7479,4399,,2026-10-02T14:00:28+00:00
27,Ethereum,da verificare,leader,Crypto,Proxy Ethereum,ETH-EUR,ETH-EUR,ok,yfinance.download,2026-10-02,2433.679932,2021-11-16,4300.855469,-43.414,2021-11-08,4152.46582,-41.3919,2025-10-07,4075.661133,-40.2875,3248,,2026-10-02T14:00:29+00:00
